     Id,     X,     Y,  Latitude, Longitude,  Gradient
      0,   920,    32,   62.7429,    1.1505,    0.2000
      0,   921,    32,   62.7429,    1.1680,    0.2000
      0,   922,    32,   62.7429,    1.1856,    0.2236
      0,   923,    32,   62.7429,    1.2031,    0.2236
      0,   924,    32,   62.7429,    1.2207,    0.2000
      0,   925,    32,   62.7429,    1.2382,    0.2000
      0,   926,    32,   62.7429,    1.2558,    0.2000
      0,   927,    31,   62.7510,    1.2734,    0.2236
      0,   928,    31,   62.7510,    1.2909,    0.2236
      0,   929,    31,   62.7510,    1.3085,    0.2000
      0,   930,    31,   62.7510,    1.3260,    0.2000
      0,   931,    31,   62.7510,    1.3436,    0.2000
      0,   932,    31,   62.7510,    1.3611,    0.2000
      0,   933,    31,   62.7510,    1.3787,    0.2236
      0,   934,    30,   62.7590,    1.3962,    0.2828
      0,   935,    29,   62.7671,    1.4138,    0.2828
      0,   936,    28,   62.7751,    1.4313,    0.2828
      0,   937,    27,   62.7831,    1.4489,    0.2828
      0,   938,    26,   62.7911,    1.4665,    0.2828
      0,   939,    25,   62.7992,    1.4840,    0.2828
      0,   940,    24,   62.8072,    1.5016,    0.2828
      0,   941,    23,   62.8152,    1.5191,    0.2828
      0,   942,    22,   62.8232,    1.5367,    0.2828
      0,   943,    21,   62.8312,    1.5542,    0.2828
      0,   944,    20,   62.8393,    1.5718,    0.2828
      0,   944,    19,   62.8473,    1.5718,    0.2000
      0,   945,    18,   62.8553,    1.5893,    0.2000
      0,   946,    18,   62.8553,    1.6069,    0.2828
      0,   947,    17,   62.8633,    1.6245,    0.2828
      0,   948,    16,   62.8713,    1.6420,    0.2828
      0,   949,    16,   62.8713,    1.6596,    0.2828
      0,   950,    15,   62.8793,    1.6771,    0.2828
      0,   951,    14,   62.8873,    1.6947,    0.2828
      0,   952,    13,   62.8953,    1.7122,    0.2828
      0,   953,    13,   62.8953,    1.7298,    0.2828
      0,   954,    12,   62.9033,    1.7473,    0.2828
      0,   955,    11,   62.9113,    1.7649,    0.2828
      0,   956,    11,   62.9113,    1.7824,    0.2828
      0,   957,    10,   62.9193,    1.8000,    0.2828
      0,   958,    10,   62.9193,    1.8176,    0.2828
      0,   959,     9,   62.9273,    1.8351,    0.2828
      0,   960,     9,   62.9273,    1.8527,    0.2828
      0,   961,     9,   62.9273,    1.8702,    0.3162
      0,   962,     8,   62.9353,    1.8878,    0.3606
      0,   963,     8,   62.9353,    1.9053,    0.3162
      0,   964,     7,   62.9433,    1.9229,    0.3606
      0,   965,     7,   62.9433,    1.9404,    0.3000
      0,   966,     7,   62.9433,    1.9580,    0.3000
      0,   967,     7,   62.9433,    1.9755,    0.4123
      0,   968,     6,   62.9512,    1.9931,    0.3000
      0,   969,     6,   62.9512,    2.0107,    0.3606
      0,   970,     6,   62.9512,    2.0282,    0.3000
      0,   971,     7,   62.9433,    2.0458,    0.4000
      0,   972,     7,   62.9433,    2.0633,    0.4000
      0,   973,     7,   62.9433,    2.0809,    0.4000
      0,   974,     7,   62.9433,    2.0984,    0.4000
      0,   975,     7,   62.9433,    2.1160,    0.4000
      0,   976,     7,   62.9433,    2.1335,    0.4123
      0,   977,     7,   62.9433,    2.1511,    0.4123
      0,   978,     7,   62.9433,    2.1687,    0.3606
      0,   979,     7,   62.9433,    2.1862,    0.3606
      0,   980,     8,   62.9353,    2.2038,    0.4123
      0,   981,     8,   62.9353,    2.2213,    0.3606
      0,   982,     8,   62.9353,    2.2389,    0.3606
      0,   983,     9,   62.9273,    2.2564,    0.4243
      0,   984,     9,   62.9273,    2.2740,    0.3606
      0,   984,    10,   62.9193,    2.2740,    0.4123
      0,   985,    10,   62.9193,    2.2915,    0.0000
      0,   986,    11,   62.9113,    2.3091,    0.0000
      0,  -999,  -999, -999.0000, -999.0000, -999.0000
      1,   931,    36,   62.7108,    1.3436,    0.2236
      1,   932,    35,   62.7188,    1.3611,    0.2236
      1,   932,    34,   62.7269,    1.3611,    0.1414
      1,   933,    33,   62.7349,    1.3787,    0.1414
      1,   934,    33,   62.7349,    1.3962,    0.2236
      1,   935,    32,   62.7429,    1.4138,    0.2828
      1,   936,    31,   62.7510,    1.4313,    0.2828
      1,   937,    30,   62.7590,    1.4489,    0.2828
      1,   938,    29,   62.7671,    1.4665,    0.2828
      1,   939,    28,   62.7751,    1.4840,    0.2828
      1,   940,    27,   62.7831,    1.5016,    0.2828
      1,   941,    26,   62.7911,    1.5191,    0.2828
      1,   942,    25,   62.7992,    1.5367,    0.2828
      1,   943,    24,   62.8072,    1.5542,    0.2828
      1,   944,    23,   62.8152,    1.5718,    0.2828
      1,   945,    22,   62.8232,    1.5893,    0.2236
      1,   946,    22,   62.8232,    1.6069,    0.2236
      1,   947,    21,   62.8312,    1.6245,    0.2828
      1,   948,    21,   62.8312,    1.6420,    0.2236
      1,   949,    20,   62.8393,    1.6596,    0.2828
      1,   950,    19,   62.8473,    1.6771,    0.2828
      1,   951,    18,   62.8553,    1.6947,    0.2828
      1,   952,    17,   62.8633,    1.7122,    0.2828
      1,   953,    16,   62.8713,    1.7298,    0.2828
      1,   954,    15,   62.8793,    1.7473,    0.2828
      1,   955,    15,   62.8793,    1.7649,    0.2828
      1,   956,    14,   62.8873,    1.7824,    0.2828
      1,   956,    13,   62.8953,    1.7824,    0.1414
      1,   957,    12,   62.9033,    1.8000,    0.1414
      1,   958,    12,   62.9033,    1.8176,    0.2236
      1,   958,    11,   62.9113,    1.8176,    0.1414
      1,   959,    10,   62.9193,    1.8351,    0.3000
      1,  -999,  -999, -999.0000, -999.0000, -999.0000
      2,   931,    35,   62.7188,    1.3436,    0.1414
      2,   930,    35,   62.7188,    1.3260,    0.1000
      2,   929,    36,   62.7108,    1.3085,    0.1414
      2,   928,    37,   62.7027,    1.2909,    0.2236
      2,   927,    38,   62.6947,    1.2734,    0.2236
      2,   926,    39,   62.6866,    1.2558,    0.2000
      2,   925,    39,   62.6866,    1.2382,    0.2000
      2,   924,    39,   62.6866,    1.2207,    0.2000
      2,   923,    39,   62.6866,    1.2031,    0.2000
      2,   922,    39,   62.6866,    1.1856,    0.2000
      2,   921,    39,   62.6866,    1.1680,    0.2000
      2,   920,    39,   62.6866,    1.1505,    0.2000
      2,   919,    38,   62.6947,    1.1329,    0.2236
      2,   918,    38,   62.6947,    1.1154,    0.2000
      2,   917,    38,   62.6947,    1.0978,    0.2236
      2,   916,    38,   62.6947,    1.0803,    0.2236
      2,   915,    37,   62.7027,    1.0627,    0.2236
      2,   914,    37,   62.7027,    1.0451,    0.2236
      2,   913,    37,   62.7027,    1.0276,    0.2000
      2,   912,    37,   62.7027,    1.0100,    0.2236
      2,   911,    37,   62.7027,    0.9925,    0.2236
      2,   910,    36,   62.7108,    0.9749,    0.2236
      2,   909,    36,   62.7108,    0.9574,    0.2000
      2,  -999,  -999, -999.0000, -999.0000, -999.0000
      3,   898,    55,   62.5575,    0.7643,    0.0000
      3,   899,    55,   62.5575,    0.7818,    0.0000
      3,   900,    55,   62.5575,    0.7994,    0.2236
      3,   901,    56,   62.5494,    0.8169,    0.3162
      3,   902,    56,   62.5494,    0.8345,    0.3606
      3,   903,    57,   62.5413,    0.8520,    0.4000
      3,   904,    56,   62.5494,    0.8696,    0.4000
      3,   905,    56,   62.5494,    0.8871,    0.4472
      3,   906,    56,   62.5494,    0.9047,    0.4000
      3,   907,    56,   62.5494,    0.9223,    0.4123
      3,   908,    57,   62.5413,    0.9398,    0.4123
      3,   909,    57,   62.5413,    0.9574,    0.4472
      3,   910,    57,   62.5413,    0.9749,    0.4243
      3,   911,    58,   62.5332,    0.9925,    0.4243
      3,   911,    59,   62.5251,    0.9925,    0.3606
      3,   912,    59,   62.5251,    1.0100,    0.3162
      3,   912,    60,   62.5170,    1.0100,    0.3000
      3,   912,    61,   62.5089,    1.0100,    0.3162
      3,   913,    62,   62.5008,    1.0276,    0.2236
      3,   913,    63,   62.4927,    1.0276,    0.2000
      3,   913,    64,   62.4845,    1.0276,    0.2236
      3,   913,    65,   62.4764,    1.0276,    0.3162
      3,   914,    66,   62.4683,    1.0451,    0.2828
      3,   914,    67,   62.4602,    1.0451,    0.2236
      3,   915,    68,   62.4521,    1.0627,    0.2828
      3,   915,    69,   62.4440,    1.0627,    0.2828
      3,   916,    70,   62.4358,    1.0803,    0.2828
      3,   915,    71,   62.4277,    1.0627,    0.1000
      3,   916,    71,   62.4277,    1.0803,    0.2236
      3,   916,    72,   62.4196,    1.0803,    0.1414
      3,   917,    72,   62.4196,    1.0978,    0.2000
      3,   918,    73,   62.4115,    1.1154,    0.2000
      3,   919,    73,   62.4115,    1.1329,    0.3000
      3,   920,    74,   62.4033,    1.1505,    0.3000
      3,   921,    74,   62.4033,    1.1680,    0.2000
      3,  -999,  -999, -999.0000, -999.0000, -999.0000
      4,   929,    78,   62.3708,    1.3085,    0.1414
      4,   929,    77,   62.3789,    1.3085,    0.2000
      4,   929,    76,   62.3871,    1.3085,    0.1414
      4,   929,    75,   62.3952,    1.3085,    0.1414
      4,   929,    74,   62.4033,    1.3085,    0.2236
      4,   928,    73,   62.4115,    1.2909,    0.3606
      4,   927,    72,   62.4196,    1.2734,    0.4123
      4,   926,    72,   62.4196,    1.2558,    0.3000
      4,   925,    72,   62.4196,    1.2382,    0.4000
      4,   924,    72,   62.4196,    1.2207,    0.4000
      4,   923,    72,   62.4196,    1.2031,    0.4123
      4,   922,    72,   62.4196,    1.1856,    0.4123
      4,   921,    72,   62.4196,    1.1680,    0.4000
      4,   920,    72,   62.4196,    1.1505,    0.3000
      4,   919,    72,   62.4196,    1.1329,    0.3000
      4,   918,    72,   62.4196,    1.1154,    0.2000
      4,  -999,  -999, -999.0000, -999.0000, -999.0000
      5,   943,    79,   62.3626,    1.5542,    0.2000
      5,   942,    79,   62.3626,    1.5367,    0.2000
      5,   941,    79,   62.3626,    1.5191,    0.2000
      5,   940,    80,   62.3545,    1.5016,    0.2828
      5,   939,    81,   62.3464,    1.4840,    0.2828
      5,   938,    82,   62.3382,    1.4665,    0.0000
      5,   937,    83,   62.3301,    1.4489,    0.2000
      5,   937,    84,   62.3219,    1.4489,    0.2828
      5,   937,    85,   62.3138,    1.4489,    0.2828
      5,   936,    86,   62.3056,    1.4313,    0.2828
      5,   935,    87,   62.2974,    1.4138,    0.2828
      5,   934,    88,   62.2893,    1.3962,    0.2828
      5,   933,    89,   62.2811,    1.3787,    0.2828
      5,   932,    90,   62.2729,    1.3611,    0.2828
      5,   931,    91,   62.2648,    1.3436,    0.2828
      5,   931,    92,   62.2566,    1.3436,    0.2828
      5,   930,    93,   62.2484,    1.3260,    0.2828
      5,   929,    94,   62.2403,    1.3085,    0.2828
      5,   928,    95,   62.2321,    1.2909,    0.2828
      5,   927,    96,   62.2239,    1.2734,    0.2828
      5,   926,    97,   62.2157,    1.2558,    0.2828
      5,   925,    98,   62.2075,    1.2382,    0.2828
      5,   924,    99,   62.1993,    1.2207,    0.2828
      5,   924,   100,   62.1912,    1.2207,    0.3606
      5,   923,   101,   62.1830,    1.2031,    0.4243
      5,   922,   102,   62.1748,    1.1856,    0.3606
      5,   921,   102,   62.1748,    1.1680,    0.2828
      5,   921,   103,   62.1666,    1.1680,    0.3162
      5,   920,   104,   62.1584,    1.1505,    0.2236
      5,   920,   105,   62.1502,    1.1505,    0.2236
      5,   921,   106,   62.1420,    1.1680,    0.3606
      5,   921,   107,   62.1338,    1.1680,    0.4243
      5,   922,   108,   62.1256,    1.1856,    0.4123
      5,   923,   109,   62.1174,    1.2031,    0.2236
      5,   924,   110,   62.1091,    1.2207,    0.3162
      5,   925,   111,   62.1009,    1.2382,    0.2236
      5,   926,   112,   62.0927,    1.2558,    0.2000
      5,  -999,  -999, -999.0000, -999.0000, -999.0000
      6,   927,    80,   62.3545,    1.2734,    0.2000
      6,   928,    79,   62.3626,    1.2909,    0.1414
      6,   928,    80,   62.3545,    1.2909,    0.1000
      6,   929,    81,   62.3464,    1.3085,    0.1414
      6,   930,    82,   62.3382,    1.3260,    0.1414
      6,   931,    82,   62.3382,    1.3436,    0.1000
      6,   932,    81,   62.3464,    1.3611,    0.1000
      6,   933,    81,   62.3464,    1.3787,    0.1000
      6,   934,    81,   62.3464,    1.3962,    0.1414
      6,   935,    80,   62.3545,    1.4138,    0.2000
      6,   936,    80,   62.3545,    1.4313,    0.2236
      6,   937,    80,   62.3545,    1.4489,    0.2236
      6,  -999,  -999, -999.0000, -999.0000, -999.0000
      7,   922,   106,   62.1420,    1.1856,    0.2000
      7,   922,   107,   62.1338,    1.1856,    0.4243
      7,   923,   107,   62.1338,    1.2031,    0.4123
      7,   924,   108,   62.1256,    1.2207,    0.5657
      7,   925,   109,   62.1174,    1.2382,    0.5831
      7,   926,   110,   62.1091,    1.2558,    0.6403
      7,   927,   111,   62.1009,    1.2734,    0.6325
      7,   928,   110,   62.1091,    1.2909,    0.3000
      7,   929,   111,   62.1009,    1.3085,    0.0000
      7,   930,   111,   62.1009,    1.3260,    0.0000
      7,  -999,  -999, -999.0000, -999.0000, -999.0000
      8,    60,   540,   58.3668,  -13.9467,    0.2236
      8,    61,   540,   58.3668,  -13.9292,    0.2236
      8,    62,   540,   58.3668,  -13.9116,    0.2000
      8,    63,   540,   58.3668,  -13.8940,    0.2236
      8,    64,   540,   58.3668,  -13.8765,    0.1000
      8,    65,   541,   58.3576,  -13.8589,    0.1414
      8,    65,   542,   58.3484,  -13.8589,    0.2828
      8,    66,   543,   58.3392,  -13.8414,    0.2236
      8,    67,   543,   58.3392,  -13.8238,    0.2236
      8,    68,   544,   58.3300,  -13.8063,    0.2236
      8,    68,   545,   58.3207,  -13.8063,    0.1414
      8,    68,   546,   58.3115,  -13.8063,    0.0000
      8,    68,   547,   58.3023,  -13.8063,    0.0000
      8,  -999,  -999, -999.0000, -999.0000, -999.0000
      9,    78,   550,   58.2746,  -13.6307,    0.0000
      9,    79,   550,   58.2746,  -13.6132,    0.0000
      9,    80,   549,   58.2839,  -13.5956,    0.2236
      9,    81,   548,   58.2931,  -13.5781,    0.2236
      9,    82,   548,   58.2931,  -13.5605,    0.2236
      9,    83,   547,   58.3023,  -13.5429,    0.2828
      9,    84,   547,   58.3023,  -13.5254,    0.2828
      9,    85,   547,   58.3023,  -13.5078,    0.3606
      9,    85,   546,   58.3115,  -13.5078,    0.2828
      9,    86,   545,   58.3207,  -13.4903,    0.0000
      9,    86,   544,   58.3300,  -13.4903,    0.0000
      9,  -999,  -999, -999.0000, -999.0000, -999.0000
     10,   269,  1087,   52.9613,  -10.2777,    0.0000
     10,   269,  1086,   52.9718,  -10.2777,    0.0000
     10,   269,  1085,   52.9824,  -10.2777,    0.0000
     10,   270,  1084,   52.9930,  -10.2602,    0.2000
     10,   269,  1084,   52.9930,  -10.2777,    0.2236
     10,   268,  1083,   53.0035,  -10.2953,    0.2236
     10,   268,  1082,   53.0141,  -10.2953,    0.2000
     10,   267,  1081,   53.0247,  -10.3129,    0.1414
     10,   266,  1080,   53.0352,  -10.3304,    0.1000
     10,   266,  1079,   53.0458,  -10.3304,    0.0000
     10,   266,  1078,   53.0563,  -10.3304,    0.0000
     10,   265,  1077,   53.0669,  -10.3480,    0.0000
     10,   265,  1076,   53.0774,  -10.3480,    0.0000
     10,  -999,  -999, -999.0000, -999.0000, -999.0000
     11,   272,  1088,   52.9507,  -10.2251,    0.0000
     11,   273,  1088,   52.9507,  -10.2075,    0.0000
     11,   274,  1088,   52.9507,  -10.1900,    0.0000
     11,   275,  1088,   52.9507,  -10.1724,    0.2000
     11,   276,  1089,   52.9401,  -10.1549,    0.4000
     11,   277,  1089,   52.9401,  -10.1373,    0.2236
     11,   278,  1090,   52.9295,  -10.1197,    0.3000
     11,   279,  1090,   52.9295,  -10.1022,    0.3000
     11,   280,  1090,   52.9295,  -10.0846,    0.3162
     11,   281,  1091,   52.9189,  -10.0671,    0.3606
     11,   282,  1092,   52.9084,  -10.0495,    0.2828
     11,   283,  1093,   52.8978,  -10.0320,    0.2828
     11,   284,  1093,   52.8978,  -10.0144,    0.2828
     11,   284,  1094,   52.8872,  -10.0144,    0.2000
     11,  -999,  -999, -999.0000, -999.0000, -999.0000
     12,    36,  1104,   52.7811,  -14.3680,    0.0000
     12,    37,  1105,   52.7705,  -14.3505,    0.0000
     12,    38,  1106,   52.7599,  -14.3329,    0.2828
     12,    39,  1107,   52.7493,  -14.3154,    0.2828
     12,    40,  1108,   52.7386,  -14.2978,    0.3606
     12,    41,  1109,   52.7280,  -14.2803,    0.3162
     12,    41,  1110,   52.7174,  -14.2803,    0.3606
     12,    42,  1111,   52.7067,  -14.2627,    0.4243
     12,    42,  1112,   52.6961,  -14.2627,    0.4243
     12,    43,  1113,   52.6855,  -14.2451,    0.3606
     12,    44,  1113,   52.6855,  -14.2276,    0.2828
     12,    45,  1113,   52.6855,  -14.2100,    0.3606
     12,    46,  1114,   52.6748,  -14.1925,    0.3606
     12,    46,  1115,   52.6642,  -14.1925,    0.3606
     12,    47,  1116,   52.6535,  -14.1749,    0.3606
     12,    48,  1116,   52.6535,  -14.1574,    0.3606
     12,    49,  1117,   52.6429,  -14.1398,    0.4243
     12,    50,  1118,   52.6322,  -14.1223,    0.4243
     12,    51,  1119,   52.6216,  -14.1047,    0.3606
     12,    52,  1119,   52.6216,  -14.0871,    0.3606
     12,    53,  1120,   52.6109,  -14.0696,    0.3606
     12,    54,  1120,   52.6109,  -14.0520,    0.3162
     12,    55,  1121,   52.6002,  -14.0345,    0.2828
     12,    56,  1122,   52.5896,  -14.0169,    0.2236
     12,    56,  1123,   52.5789,  -14.0169,    0.2236
     12,    57,  1124,   52.5682,  -13.9994,    0.2828
     12,    57,  1125,   52.5576,  -13.9994,    0.2236
     12,    57,  1126,   52.5469,  -13.9994,    0.2828
     12,    56,  1127,   52.5362,  -14.0169,    0.2000
     12,    57,  1128,   52.5255,  -13.9994,    0.2000
     12,  -999,  -999, -999.0000, -999.0000, -999.0000
     13,    16,  1136,   52.4400,  -14.7191,    0.1414
     13,    16,  1137,   52.4293,  -14.7191,    0.1000
     13,    16,  1138,   52.4186,  -14.7191,    0.1000
     13,    17,  1139,   52.4079,  -14.7016,    0.1414
     13,    18,  1139,   52.4079,  -14.6840,    0.1000
     13,    18,  1140,   52.3972,  -14.6840,    0.1414
     13,    19,  1141,   52.3865,  -14.6665,    0.1414
     13,    20,  1141,   52.3865,  -14.6489,    0.1000
     13,    21,  1142,   52.3758,  -14.6313,    0.1414
     13,    22,  1143,   52.3650,  -14.6138,    0.2000
     13,    23,  1143,   52.3650,  -14.5962,    0.2000
     13,    24,  1142,   52.3758,  -14.5787,    0.2000
     13,    25,  1142,   52.3758,  -14.5611,    0.2000
     13,    26,  1143,   52.3650,  -14.5436,    0.1414
     13,    27,  1144,   52.3543,  -14.5260,    0.1414
     13,    27,  1145,   52.3436,  -14.5260,    0.2000
     13,    28,  1145,   52.3436,  -14.5085,    0.1414
     13,    29,  1146,   52.3329,  -14.4909,    0.1414
     13,    29,  1147,   52.3221,  -14.4909,    0.2000
     13,    30,  1148,   52.3114,  -14.4734,    0.1414
     13,    31,  1148,   52.3114,  -14.4558,    0.2000
     13,  -999,  -999, -999.0000, -999.0000, -999.0000
     14,    30,  1149,   52.3007,  -14.4734,    0.2000
     14,    30,  1150,   52.2899,  -14.4734,    0.2000
     14,    30,  1151,   52.2792,  -14.4734,    0.2000
     14,    31,  1152,   52.2685,  -14.4558,    0.1414
     14,    31,  1153,   52.2577,  -14.4558,    0.1000
     14,    31,  1154,   52.2470,  -14.4558,    0.1000
     14,    32,  1155,   52.2362,  -14.4382,    0.1414
     14,    32,  1156,   52.2255,  -14.4382,    0.1000
     14,    32,  1157,   52.2147,  -14.4382,    0.1000
     14,    33,  1158,   52.2040,  -14.4207,    0.0000
     14,    34,  1159,   52.1932,  -14.4031,    0.0000
     14,    35,  1159,   52.1932,  -14.3856,    0.0000
     14,  -999,  -999, -999.0000, -999.0000, -999.0000
     15,    12,  1201,   51.7389,  -14.7893,    0.0000
     15,    12,  1202,   51.7281,  -14.7893,    0.0000
     15,    12,  1203,   51.7172,  -14.7893,    0.0000
     15,    11,  1204,   51.7063,  -14.8069,    0.0000
     15,    11,  1205,   51.6954,  -14.8069,    0.1414
     15,    11,  1206,   51.6845,  -14.8069,    0.2828
     15,    10,  1207,   51.6737,  -14.8245,    0.2236
     15,     9,  1207,   51.6737,  -14.8420,    0.2000
     15,     8,  1207,   51.6737,  -14.8596,    0.2000
     15,     7,  1207,   51.6737,  -14.8771,    0.2236
     15,     6,  1207,   51.6737,  -14.8947,    0.3162
     15,     5,  1208,   51.6628,  -14.9122,    0.2236
     15,     4,  1208,   51.6628,  -14.9298,    0.2236
     15,     3,  1208,   51.6628,  -14.9473,    0.3000
     15,     2,  1207,   51.6737,  -14.9649,    0.4000
     15,     1,  1207,   51.6737,  -14.9824,    0.5000
     15,     0,  1207,   51.6737,  -15.0000,    0.4000
     15,     0,  1208,   51.6628,  -15.0000,    0.3000
     15,     0,  1209,   51.6519,  -15.0000,    0.2000
     15,  -999,  -999, -999.0000, -999.0000, -999.0000
     16,     2,  1212,   51.6192,  -14.9649,    0.2000
     16,     3,  1212,   51.6192,  -14.9473,    0.2000
     16,     3,  1213,   51.6083,  -14.9473,    0.2828
     16,     3,  1214,   51.5974,  -14.9473,    0.2828
     16,     4,  1215,   51.5865,  -14.9298,    0.2828
     16,     3,  1216,   51.5756,  -14.9473,    0.4243
     16,     3,  1217,   51.5647,  -14.9473,    0.9899
     16,     3,  1218,   51.5538,  -14.9473,    1.2207
     16,     2,  1219,   51.5428,  -14.9649,    1.1180
     16,     1,  1220,   51.5319,  -14.9824,    0.5657
     16,     0,  1220,   51.5319,  -15.0000,    1.9698
     16,  -999,  -999, -999.0000, -999.0000, -999.0000
     17,    39,  1399,   49.5350,  -14.3154,    0.0000
     17,    40,  1400,   49.5236,  -14.2978,    0.0000
     17,    41,  1401,   49.5122,  -14.2803,    0.1414
     17,    42,  1402,   49.5008,  -14.2627,    0.2236
     17,    43,  1403,   49.4894,  -14.2451,    0.2828
     17,    44,  1404,   49.4780,  -14.2276,    0.2828
     17,    45,  1405,   49.4666,  -14.2100,    0.2828
     17,    46,  1406,   49.4552,  -14.1925,    0.3000
     17,    47,  1406,   49.4552,  -14.1749,    0.0000
     17,    48,  1407,   49.4438,  -14.1574,    0.0000
     17,    49,  1408,   49.4323,  -14.1398,    0.1414
     17,    50,  1409,   49.4209,  -14.1223,    0.1414
     17,    51,  1410,   49.4095,  -14.1047,    0.1414
     17,    52,  1411,   49.3981,  -14.0871,    0.1414
     17,    53,  1412,   49.3867,  -14.0696,    0.1414
     17,    54,  1413,   49.3752,  -14.0520,    0.1414
     17,    55,  1414,   49.3638,  -14.0345,    0.1414
     17,    56,  1415,   49.3524,  -14.0169,    0.0000
     17,    57,  1416,   49.3409,  -13.9994,    0.0000
     17,  -999,  -999, -999.0000, -999.0000, -999.0000
     18,    50,  1406,   49.4552,  -14.1223,    0.0000
     18,    51,  1406,   49.4552,  -14.1047,    0.0000
     18,    52,  1407,   49.4438,  -14.0871,    0.0000
     18,    53,  1407,   49.4438,  -14.0696,    0.0000
     18,    54,  1407,   49.4438,  -14.0520,    0.0000
     18,    55,  1406,   49.4552,  -14.0345,    0.0000
     18,    56,  1406,   49.4552,  -14.0169,    0.0000
     18,    57,  1406,   49.4552,  -13.9994,    0.2236
     18,    58,  1406,   49.4552,  -13.9818,    0.2236
     18,    59,  1406,   49.4552,  -13.9643,    0.0000
     18,    60,  1406,   49.4552,  -13.9467,    0.0000
     18,  -999,  -999, -999.0000, -999.0000, -999.0000
     19,    14,  1444,   49.0196,  -14.7542,    0.3000
     19,    15,  1443,   49.0311,  -14.7367,    0.2828
     19,    16,  1442,   49.0426,  -14.7191,    0.2000
     19,    17,  1442,   49.0426,  -14.7016,    0.2000
     19,    18,  1443,   49.0311,  -14.6840,    0.2828
     19,    19,  1444,   49.0196,  -14.6665,    0.2828
     19,    20,  1445,   49.0081,  -14.6489,    0.2236
     19,    20,  1446,   48.9966,  -14.6489,    0.2236
     19,    20,  1447,   48.9851,  -14.6489,    0.2828
     19,    21,  1448,   48.9736,  -14.6313,    0.2236
     19,    21,  1449,   48.9620,  -14.6313,    0.2828
     19,    22,  1450,   48.9505,  -14.6138,    0.2828
     19,    23,  1450,   48.9505,  -14.5962,    0.2236
     19,    24,  1451,   48.9390,  -14.5787,    0.3000
     19,    25,  1451,   48.9390,  -14.5611,    0.3000
     19,    26,  1451,   48.9390,  -14.5436,    0.3000
     19,    27,  1451,   48.9390,  -14.5260,    0.2236
     19,  -999,  -999, -999.0000, -999.0000, -999.0000
     20,    38,  1450,   48.9505,  -14.3329,    0.2236
     20,    39,  1449,   48.9620,  -14.3154,    0.2828
     20,    40,  1448,   48.9736,  -14.2978,    0.2828
     20,    40,  1447,   48.9851,  -14.2978,    0.2828
     20,    41,  1446,   48.9966,  -14.2803,    0.2828
     20,    42,  1445,   49.0081,  -14.2627,    0.2828
     20,    43,  1444,   49.0196,  -14.2451,    0.3000
     20,    44,  1444,   49.0196,  -14.2276,    0.2000
     20,    45,  1445,   49.0081,  -14.2100,    0.3000
     20,    46,  1445,   49.0081,  -14.1925,    0.2000
     20,    47,  1444,   49.0196,  -14.1749,    0.0000
     20,    48,  1444,   49.0196,  -14.1574,    0.0000
     20,  -999,  -999, -999.0000, -999.0000, -999.0000
     21,    16,  1443,   49.0311,  -14.7191,    0.2828
     21,    15,  1444,   49.0196,  -14.7367,    0.2828
     21,    14,  1445,   49.0081,  -14.7542,    0.2000
     21,    14,  1446,   48.9966,  -14.7542,    0.2828
     21,    14,  1447,   48.9851,  -14.7542,    0.2828
     21,    14,  1448,   48.9736,  -14.7542,    0.2000
     21,    14,  1449,   48.9620,  -14.7542,    0.2000
     21,    14,  1450,   48.9505,  -14.7542,    0.2000
     21,    14,  1451,   48.9390,  -14.7542,    0.2000
     21,    14,  1452,   48.9274,  -14.7542,    0.2000
     21,    13,  1453,   48.9159,  -14.7718,    0.2236
     21,    14,  1454,   48.9044,  -14.7542,    0.1414
     21,    14,  1455,   48.8928,  -14.7542,    0.2236
     21,    15,  1456,   48.8813,  -14.7367,    0.2828
     21,    16,  1457,   48.8697,  -14.7191,    0.3162
     21,    17,  1458,   48.8582,  -14.7016,    0.3162
     21,    17,  1459,   48.8466,  -14.7016,    0.2828
     21,    18,  1459,   48.8466,  -14.6840,    0.2236
     21,    18,  1460,   48.8351,  -14.6840,    0.2000
     21,    17,  1461,   48.8235,  -14.7016,    0.2236
     21,    17,  1462,   48.8120,  -14.7016,    0.2000
     21,    17,  1463,   48.8004,  -14.7016,    0.2000
     21,    17,  1464,   48.7888,  -14.7016,    0.2000
     21,    17,  1465,   48.7773,  -14.7016,    0.2236
     21,    18,  1466,   48.7657,  -14.6840,    0.2236
     21,    18,  1467,   48.7541,  -14.6840,    0.2236
     21,    19,  1468,   48.7426,  -14.6665,    0.2828
     21,    20,  1469,   48.7310,  -14.6489,    0.2828
     21,    21,  1470,   48.7194,  -14.6313,    0.3162
     21,    21,  1471,   48.7078,  -14.6313,    0.3162
     21,    22,  1472,   48.6962,  -14.6138,    0.2828
     21,    23,  1473,   48.6846,  -14.5962,    0.2828
     21,    24,  1474,   48.6731,  -14.5787,    0.2828
     21,    25,  1475,   48.6615,  -14.5611,    0.2828
     21,    26,  1476,   48.6499,  -14.5436,    0.2828
     21,    27,  1476,   48.6499,  -14.5260,    0.2828
     21,    28,  1477,   48.6383,  -14.5085,    0.2236
     21,    29,  1477,   48.6383,  -14.4909,    0.2236
     21,    30,  1477,   48.6383,  -14.4734,    0.2236
     21,    31,  1477,   48.6383,  -14.4558,    0.2236
     21,    32,  1477,   48.6383,  -14.4382,    0.0000
     21,    33,  1477,   48.6383,  -14.4207,    0.0000
     21,  -999,  -999, -999.0000, -999.0000, -999.0000
     22,    25,  1450,   48.9505,  -14.5611,    0.2000
     22,    26,  1450,   48.9505,  -14.5436,    0.2236
     22,    27,  1449,   48.9620,  -14.5260,    0.2000
     22,    28,  1449,   48.9620,  -14.5085,    0.2000
     22,    29,  1450,   48.9505,  -14.4909,    0.3162
     22,    30,  1451,   48.9390,  -14.4734,    0.2236
     22,    31,  1451,   48.9390,  -14.4558,    0.2236
     22,    32,  1452,   48.9274,  -14.4382,    0.2828
     22,    32,  1453,   48.9159,  -14.4382,    0.2236
     22,    33,  1454,   48.9044,  -14.4207,    0.2236
     22,    33,  1455,   48.8928,  -14.4207,    0.2828
     22,    34,  1456,   48.8813,  -14.4031,    0.2236
     22,    35,  1456,   48.8813,  -14.3856,    0.1000
     22,    36,  1456,   48.8813,  -14.3680,    0.1000
     22,    36,  1457,   48.8697,  -14.3680,    0.2000
     22,    37,  1456,   48.8813,  -14.3505,    0.1414
     22,    38,  1456,   48.8813,  -14.3329,    0.2236
     22,    39,  1455,   48.8928,  -14.3154,    0.2000
     22,  -999,  -999, -999.0000, -999.0000, -999.0000
     23,    22,  1471,   48.7078,  -14.6138,    0.2236
     23,    21,  1472,   48.6962,  -14.6313,    0.2000
     23,    21,  1473,   48.6846,  -14.6313,    0.1414
     23,    21,  1474,   48.6731,  -14.6313,    0.1414
     23,    22,  1475,   48.6615,  -14.6138,    0.1414
     23,    22,  1476,   48.6499,  -14.6138,    0.1000
     23,    23,  1477,   48.6383,  -14.5962,    0.1414
     23,    24,  1477,   48.6383,  -14.5787,    0.1414
     23,    25,  1478,   48.6267,  -14.5611,    0.1414
     23,    26,  1479,   48.6151,  -14.5436,    0.2000
     23,  -999,  -999, -999.0000, -999.0000, -999.0000
     24,    32,  1495,   48.4290,  -14.4382,    0.1000
     24,    32,  1496,   48.4174,  -14.4382,    0.1000
     24,    32,  1497,   48.4057,  -14.4382,    0.1000
     24,    32,  1498,   48.3941,  -14.4382,    0.1000
     24,    33,  1498,   48.3941,  -14.4207,    0.1000
     24,    34,  1497,   48.4057,  -14.4031,    0.1000
     24,    35,  1497,   48.4057,  -14.3856,    0.1000
     24,    36,  1498,   48.3941,  -14.3680,    0.1414
     24,    37,  1498,   48.3941,  -14.3505,    0.2236
     24,    38,  1499,   48.3824,  -14.3329,    0.2828
     24,    39,  1500,   48.3708,  -14.3154,    0.2236
     24,    40,  1500,   48.3708,  -14.2978,    0.2828
     24,    41,  1501,   48.3591,  -14.2803,    0.2828
     24,    42,  1501,   48.3591,  -14.2627,    0.2828
     24,    43,  1502,   48.3474,  -14.2451,    0.0000
     24,    44,  1503,   48.3358,  -14.2276,    0.0000
     24,    45,  1503,   48.3358,  -14.2100,    0.0000
     24,    46,  1503,   48.3358,  -14.1925,    0.0000
     24,    47,  1503,   48.3358,  -14.1749,    0.0000
     24,  -999,  -999, -999.0000, -999.0000, -999.0000
     25,    60,  1546,   47.8315,  -13.9467,    0.0000
     25,    60,  1547,   47.8197,  -13.9467,    0.0000
     25,    60,  1548,   47.8079,  -13.9467,    0.2000
     25,    61,  1548,   47.8079,  -13.9292,    0.3162
     25,    61,  1549,   47.7961,  -13.9292,    0.2000
     25,    61,  1550,   47.7843,  -13.9292,    0.2000
     25,    62,  1551,   47.7725,  -13.9116,    0.1414
     25,    63,  1552,   47.7607,  -13.8940,    0.2236
     25,    64,  1553,   47.7489,  -13.8765,    0.2236
     25,    65,  1553,   47.7489,  -13.8589,    0.2236
     25,    65,  1554,   47.7371,  -13.8589,    0.2000
     25,    65,  1555,   47.7253,  -13.8589,    0.2000
     25,    65,  1556,   47.7135,  -13.8589,    0.2000
     25,    65,  1557,   47.7017,  -13.8589,    0.2000
     25,    65,  1558,   47.6899,  -13.8589,    0.2000
     25,    65,  1559,   47.6781,  -13.8589,    0.2236
     25,    64,  1560,   47.6662,  -13.8765,    0.2236
     25,    64,  1561,   47.6544,  -13.8765,    0.2236
     25,    63,  1562,   47.6426,  -13.8940,    0.2236
     25,    63,  1563,   47.6308,  -13.8940,    0.2236
     25,    62,  1564,   47.6189,  -13.9116,    0.2236
     25,    62,  1565,   47.6071,  -13.9116,    0.2236
     25,    61,  1566,   47.5953,  -13.9292,    0.2236
     25,    60,  1566,   47.5953,  -13.9467,    0.1414
     25,    59,  1567,   47.5834,  -13.9643,    0.2000
     25,    58,  1567,   47.5834,  -13.9818,    0.2236
     25,    57,  1568,   47.5716,  -13.9994,    0.2236
     25,    57,  1569,   47.5597,  -13.9994,    0.2000
     25,    57,  1570,   47.5479,  -13.9994,    0.2000
     25,    56,  1571,   47.5360,  -14.0169,    0.1000
     25,    56,  1572,   47.5242,  -14.0169,    0.1000
     25,    56,  1573,   47.5123,  -14.0169,    0.0000
     25,    57,  1574,   47.5005,  -13.9994,    0.0000
     25,    57,  1575,   47.4886,  -13.9994,    0.0000
     25,  -999,  -999, -999.0000, -999.0000, -999.0000
